media_name,media_type,language,main_genres,sub_genres,is_downloaded,download_path,available_on
The Matrix,Movie,English,Action,"Sci-Fi, Cyberpunk",Yes,/media/movies/matrix.mp4,"Netflix, Prime Video"
Stranger Things,Web-Series,English,Drama,"Thriller, Supernatural",No,,Netflix
Free Solo,Documentary,English,Documentary,"Adventure, Sports",Yes,/media/docs/free_solo.mp4,"Disney+, Hulu"
Avatar: The Last Airbender,Web-Series,English,Adventure,"Fantasy, Animation",No,,Netflix
Planet Earth,Documentary,English,Documentary,"Nature, Wildlife",Yes,/media/docs/planet_earth.mp4,"BBC iPlayer, Netflix"
12th Fail,Movie,Hindi,Biography Drama,"Inspirational, Social, Educational",Yes,"12th Fail 2023 Hindi (ORG 5.1) 720p WEB-DL.mkv","Netflix, Disney+ Hotstar, Hulu"
2 States,Movie,Hindi,Romance Comedy,"Family Drama, Cross-cultural",Yes,"720p 2 States (2014) DesireMovies.mkv","Netflix, Amazon Prime Video"
8 AM Metro,Movie,Malayalam,Drama Thriller,"Psychological Mystery",Yes,"8 A.M. Metro 2023 Hindi (ORG 5.1) 720p WEB-DL x264 ESubs.mkv","Disney+ Hotstar, Amazon Prime Video"
Aap Jaisa Koi,Movie,Hindi,Romance Drama,"Musical Family",Yes,"Aap.Jaisa.Koi.(2025).WEB-DL.1080p..x264.HiNDi.DDP.5.1.(640Kbps).ESub.Vegamovies.is.mkv","Amazon Prime Video, YouTube (free)"
Aashiqui 2,Movie,Hindi,Romance Musical,"Drama, Emotional",Yes,"Aashiqui 2 2013 720p BluRay Hindi x264 AAC ESub.mkv",Amazon Prime Video
Abraham Ozler,Movie,Malayalam,Crime Thriller,"Investigation, Medical",Yes,"Abraham Ozler (2024) 720p 10bit DS4K HS WEBRip x265 HEVC [Hi.mkv",Disney+ Hotstar
Action Replayy,Movie,Hindi,Comedy Romance,"Time Travel, Fantasy",Yes,"Action Replayy 2010 BluRay 720p Hindi AAC 5.1 x264 ESub.mkv","Netflix, Amazon Prime Video"
Amaran,Movie,Tamil,Biography Action,"War Drama",Yes,"Amaran.2024.720p.WEB-DL.Hindi.5.1-Tamil.5.1.ESub.x264.Vegamovies.is.mkv",Netflix
Anand,Movie,Hindi,Drama,"Medical, Emotional",Yes,"Anand (1971) (1080p BluRay x265 Bandi).mkv","Amazon Prime Video, YouTube (free)"
Angrezi Medium,Movie,Hindi,Comedy Drama,"Family, Emotional",Yes,"Angrezi Medium (2020) Hindi 720p.mkv",Disney+ Hotstar
Article 15,Movie,Hindi,Drama,Crime Social,Yes,"Article 15 - 2019 720p @BollywoodArea.mkv",Netflix
Awarapan,Movie,Hindi,Crime Thriller,"Action, Romance",Yes,"Awarapan 2007 Hindi 1080p DVDRip HEVC x265 DD5.1 10BIt.mkv","Netflix, Amazon Prime Video"
Badla,Movie,Hindi,Thriller,Legal Crime,Yes,"Badla (2019) Hindi 720p HDRip x264 AAC 5.1 ESubs Full Bollyw.mkv","Netflix, Amazon Prime Video"
Bajirao Mastani,Movie,Hindi,Historical Romance,"Period Drama",Yes,"Bajirao Mastani (2015) Hindi 720p BluRay x264 AAC 5.1 ES.mkv","Eros Now, Amazon Prime Video"
Bareilly Ki Barfi,Movie,Hindi,Romance Comedy,"Small-town Family",Yes,"Bareilly.Ki.Barfi.2017.720p.BluRay.x264-Hon3y @RickyChannel.mkv","Netflix, Amazon Prime Video"
Barfi!,Movie,Hindi,Romance Comedy,"Differently-abled, Emotional",Yes,"Brfi 2012 Hindi 720p BRrip X 265 Free Download Borrow and Stream.mp4","Netflix, Amazon Prime Video"
Bhaag Milkha Bhaag,Movie,Hindi,Biography Sports,"Drama, Inspirational",Yes,"Bhaag Milkha Bhaag (2013) www.10xflix.comMovie 1080p HDRip.mkv",Amazon Prime Video
Bhagam Bhag,Movie,Hindi,Comedy Thriller,"Suspense, Mystery",Yes,"Bhagam Bhag (2006) 720p 10bit BluRay x265 HEVC Hindi AAC.mkv","Netflix, Amazon Prime Video"
Blackmail,Movie,Hindi,Comedy Thriller,"Dark Comedy, Crime",Yes,"Blackmail_2018_BluRay_720p_Hindi_AAC_5_1_x264_ESub_mkvCinemas_Telly.mkv","Netflix, ZEE5"
Bol Bachchan,Movie,Hindi,Comedy Action,"Family Drama",Yes,"Bol_Bachchan_2012_BluRay_720p_Hindi_AAC_5_1_x264_ESub_mkvCinemas.mkv",Amazon Prime Video
Brothers,Movie,Hindi,Action Sports,"Drama, MMA",Yes,"Brothers_2015_BluRay_720p_Hindi_AAC_5_1_x264_ESub_mkvCinemas_Telly.mkv",Disney+ Hotstar
Bruce Almighty,Movie,English,Comedy Fantasy,"Humor, Life",Yes,"Bruce Almighty (2003).mkv","Netflix, Amazon Prime Video"
Bumm Bumm Bole,Movie,Hindi,Family Drama,"Children, Social",Yes,"@MoviezzClub Bumm Bumm Bole 2010 720p Bluray.mkv","Disney+ Hotstar, YouTube (free)"
Chak De! India,Movie,Hindi,Sports Drama,"Hockey, Inspirational",Yes,"Chak_De!_India_2007_720p_10bit_BluRay_Hindi_AAC5_1_HEVC_TsS.mkv",Amazon Prime Video
Chillar Party,Movie,Hindi,Comedy Drama,"Children, Family",Yes,"Chillar.Party.2011.720p.BRRip.x264.1.3GB.mp4",Netflix
Chup Chup Ke,Movie,Hindi,Comedy Drama,"Romantic Comedy",Yes,"Chup Chup Ke (2006) Hindi 1080p 10bit WEBHD x265 HEVC AC.mkv","Amazon Prime Video, ZEE5"
Court - State vs A Nobody,Movie,Marathi,Drama Legal,"Art House, Social, Realistic",Yes,"(Movies4u.Bid).Court - State vs A Nobody (2025) WEB-DL 1080p [Hin + Tam + Tel + Mal + Kan] ESub.mkv",MUBI
Dada,Movie,Hindi,Action Drama,"Family, Emotional",Yes,"Dada (2023) 1080p UnCut WEB-DL [Hindi+Tamil] x264 ESub-Vegamovies.to.mkv","Amazon Prime Video, ZEE5"
Dangal,Movie,Hindi,Biography Sports,"Drama, Wrestling",Yes,"Dangal 2016 Hindi 720p-BluRay.mkv","Netflix, Amazon Prime Video"
Darlings,Movie,Hindi,Dark Comedy Thriller,"Domestic Violence, Drama",Yes,"Darlings.2022.720p.Hindi.NF WEB-DL x264.mkv",Netflix
De Dana Dan,Movie,Hindi,Comedy,"Heist, Ensemble",Yes,"De_Dana_Dan_2009_720p_10bit_BluRay_x265_HEVC_Hindi_DD_5_1_ESub_Immortal.mkv","Amazon Prime Video, Airtel Xstream"
Dear Comrade,Movie,Telugu,Romance Action,"Political Drama",Yes,"Dear Comrade (2019) UNCUT 720p HDRip ORG. [Dual Audio] [.mkv",Amazon Prime Video
Dear Zindagi,Movie,Hindi,Drama Romance,"Coming-of-age, Therapy",Yes,"Dear_Zindagi_2016_BluRay_720p_Hindi_AAC_5_1_x264_ESub_mkvCinemas.mkv",Netflix
Dhadak,Movie,Hindi,Romance Drama,"Tragic Love, Cross-cultural",Yes,"Dhadak_2018_BluRay_720p_Hindi_AAC_5_1_x264_ESub_mkvCinemas_Telly.mkv","Netflix, Amazon Prime Video"
Dhobi Ghat,Movie,Hindi,Drama,Art House,Yes,"Dhobi.Ghat.(2010).Hindi.720p.10bit.BluRay.2CH.x265.HEVC-.mkv","Netflix, Amazon Prime Video"
Dhol,Movie,Hindi,Comedy Crime,"Buddy Comedy, Thriller",Yes,"[TG_@Cyber_Prime] Dhol (2007) Hindi Audio BRip 720P.mp4","Amazon Prime Video, Plex (free), Tubi (free)"
Dhoom,Movie,Hindi,Action Crime,"Thriller, Heist",Yes,"Dhoom_2004_BluRay_Hindi_1080p_x264_DD_5_1_ESub_mkvCinemas_Telly.mkv","Amazon Prime Video, Netflix"
Dhoom 2,Movie,Hindi,Action Crime,"Thriller, Heist",Yes,"[TIF].BW.Dhoom.2.2006.Hin.BluRay.1080p.HEVC.x265.mkv","Amazon Prime Video, Netflix"
Dragon,Movie,Chinese,Action Fantasy,"Adventure, Martial Arts",Yes,"Dragon.2025.720p.WEB-DL.Hindi.5.1-Tamil.5.1.ESub.x264.mkv","Netflix, Amazon Prime Video"
Drishyam,Movie,Malayalam/Hindi,Thriller Drama,"Crime, Family",Yes,"Drishyam_2015_BluRay_720p_Hindi_AAC_5_1_x264_ESub_mkvCinemas_Telly.mkv","Amazon Prime Video, Disney+ Hotstar"
Dum Laga Ke Haisha,Movie,Hindi,Romance Comedy,"Social, Drama",Yes,"Dum_Laga_Ke_Haisha_2015_1080p_BluRay_x264_AAC5_1_YTS_MX_001.mp4","Amazon Prime Video, YouTube"
Ek Villain,Movie,Hindi,Action Romance,"Thriller, Musical",Yes,"Ek Villain 2014 BluRay 720p Hindi AAC 5.1 x264 ESub.mkv","Netflix, Amazon Prime Video"
English Vinglish,Movie,Hindi,Drama Comedy,"Inspirational, Social",Yes,"English_Vinglish_2012_BluRay_720p_Hindi_AAC_5_1_x264_ESub_mkvCinemas.mkv","Amazon Prime Video, JioCinema"
Garam Masala,Movie,Hindi,Comedy,"Romantic Comedy",Yes,"Garam Masala (2005) Hindi 1080p HDRip x264 AAC Full Bollywoo.mkv","Amazon Prime Video, Netflix"
Ghajini,Movie,Hindi,Action Thriller,"Psychological, Revenge",Yes,"Ghajini.2008.1080p.BluRay.x265.HEVC.mkv","Netflix, Amazon Prime Video"
Go Goa Gone,Movie,Hindi,Comedy Horror,"Zombie, Adventure",Yes,"Go Goa Gone (2013) Hindi 720p BluRay.mkv","Netflix, Amazon Prime Video"
Golmaal 3,Movie,Hindi,Comedy,"Family Ensemble",Yes,"Golmaal_3_2010_720p_10bit_BluRay_x265_HEVC_Hindi_AAC_2_0_ESub_Immortal.mkv",Amazon Prime Video
Golmaal Fun Unlimited,Movie,Hindi,Comedy,"Family Ensemble",Yes,"Golmaal_Fun_Unlimited_2006_720p_10bit_AMZN_WEBRip_x265_Hindi_AAC.mkv",Amazon Prime Video
Golmaal Returns,Movie,Hindi,Comedy,"Family Ensemble",Yes,"Golmaal_Returns_2008_720p_10bit_BluRay_x265_HEVC_Hindi_AAC_5_1_ESub.mkv",Amazon Prime Video
Grave of the Fireflies,Movie,Japanese,Animation War,"Drama, Emotional, Anti-war",Yes,"Grave.Of.The.Fireflies.1988.1080p.BluRay.Hindi.HQ.English.Japanese.ESubs.Vegamovies.to.mkv",Netflix
Gunjan Saxena,Movie,Hindi,Biography Drama,"Aviation, Women Empowerment",Yes,"Gunjan Saxena_ The Kargil Girl 2020 720p NF HDRip Hindi x264.mkv",Netflix
Guru,Movie,Hindi,Biography Drama,"Business, Inspirational",Yes,"Guru (2007) Hindi HQ BluRay - 1080p - x264 - (DD+5.1 - 6.mkv","Amazon Prime Video, Disney+ Hotstar"
Hachi: A Dog's Tale,Movie,English,Drama,"Animal Story, Emotional",Yes,"Hachi.A.Dog's.Tale.2009.720p.BluRay.x264.mkv","Amazon Prime Video, Netflix"
Haider,Movie,Hindi,Drama Tragedy,"Shakespeare Adaptation",Yes,"Haider Full MovieBollywood new latest movie 2024.mp4","Netflix, Amazon Prime Video"
Haseen Dillruba,Movie,Hindi,Romantic Thriller,"Crime, Mystery",Yes,"Haseen.Dillruba.(2021).Hindi.1080p.DS4K.WEBRip.10bit.DDP.Atm.mkv",Netflix
Hera Pheri,Movie,Hindi,Comedy,"Crime, Buddy",Yes,"Hera Pheri 2000 @Hdmoviesmine .mkv","Amazon Prime Video, Plex (free), Tubi (free)"
Highway,Movie,Hindi,Drama Romance,"Road Trip, Coming-of-age",Yes,"Highway 2014 720p 10bit Bluray HIN AAC5.1 x265 HEVC ESub-LSS.mkv",Netflix
Hindi Medium,Movie,Hindi,Comedy Drama,"Education, Social",Yes,"Hindi Medium 2017 BluRay 720p Hindi AAC 5.1 x264 ESub - mkvC.mkv",Amazon Prime Video
Hridayam,Movie,Malayalam,Romance Drama,"Coming-of-age, Musical",Yes,"Hridayam.2022.1080p.DSNP.WEB.DL.HEVC.DDP5.1.192k-DDH.mkv",Disney+ Hotstar
Hulchul,Movie,Hindi,Comedy Romance,"Family, Drama",Yes,"Hulchul_2004_720p_10bit_AMZN_WEBRip_x265_HEVC_Hindi_AAC_2_0_ESub.mkv","Disney+ Hotstar, Amazon Prime Video"
I Am Sam,Movie,English,Drama,"Social, Legal",Yes,"@FBM_HW.I.Am.Sam.2001.720p.Bluray.mkv","Netflix, Amazon Prime Video"
Jaane Tu Ya Jaane Na,Movie,Hindi,Romance Comedy,"Coming-of-age, Youth",Yes,"Jaane_Tu_Ya_Jaane_Na_2008_BluRay_720p_Hindi_AAC_5_1_x264_ESub_mkvCinemas.mkv","Netflix, Amazon Prime Video"
Jannat,Movie,Hindi,Crime Romance,"Sports Betting",Yes,"Jannat (2008) 720p 10bit AMZN WEBRip x265 HEVC Hindi AAC.mkv","Amazon Prime Video, ZEE5"
Jannat 2,Movie,Hindi,Crime Action,"Thriller, Romance",Yes,"Jannat 2 (2012) Hindi 1080p BluRay x264 AAC 5.1 ESubs.mkv","Amazon Prime Video, ZEE5"
Jersey,Movie,Hindi/Telugu,Sports Drama,"Cricket, Family",Yes,"Jersey Hindi 2019.mkv",Netflix
John Wick,Movie,English,Action Thriller,"Neo-noir, Crime",Yes,"@The_4x_Team_John_Wick_2014_BluRay_720p_Hindi_English_AAC_5_1_x264.mkv","Netflix, Amazon Prime Video"
Kaala Paani,Web-Series,Tamil,Thriller,"Survival, Mystery",Yes,"Kaala_Paani_2023_S01_COMBINED_EP01_07_720p_HEVC_HDRip_x264_Tamil.mkv",Netflix
Kaalidhar Laapata,Movie,Hindi,Thriller,"Missing Person, Mystery",Yes,"Kaalidhar.Laapata.2025.1080p.Hindi.WEB-DL.5.1.x264.mkv",Limited Release
Kaithi,Movie,Tamil,Action Thriller,"Crime, Hostage",Yes,"Kaithi_2019_UNCUT_720p_10bit_BluRay_x265_HEVC_Org_TV_DL_Hindi_DDP.mkv","Disney+ Hotstar, Amazon Prime Video"
Kantara,Movie,Kannada,Action Thriller,"Folklore, Supernatural",Yes,"@ARKBotz_Hindi_Kantara_2022_Hindi_Clear_New_South_Movie_In_Hindi.mkv","Amazon Prime Video, Netflix"
Kedarnath,Movie,Hindi,Romance Drama,"Disaster, Religious",Yes,"Kedarnath_2018_Hindi_HDRip_720p_x264_AAC_1_1GB_ESub.mkv","ZEE5, Sony LIV"
Khatta Meetha,Movie,Hindi,Comedy Drama,"Social, Corruption",Yes,"Khatta_Meetha_2010_720p_10bit_AMZN_WEBRip_x265_HEVC_Hindi_DDP_2.mkv",Amazon Prime Video
Kick,Movie,Hindi,Action Comedy,"Thriller, Masala",Yes,"Kick_2014_720p_10bit_BluRay_x265_HEVC_Hindi_DD_5_1_ESub_Immortal.mkv","Amazon Prime Video, Disney+ Hotstar"
Kill Dil,Movie,Hindi,Action Romance,"Crime, Thriller",Yes,"Kill.Dil.2014.Hindi.720p.BluRay.6CH.mkv","Amazon Prime Video, Netflix"
Kites,Movie,Hindi/English/Spanish,Romance Action,"Thriller, Cross-cultural",Yes,"[CC].Kites.2010.Hindi.720p.BluRay.x264.Subs.LOKiHD.Telly.mkv","Netflix, Amazon Prime Video"
Krazzy 4,Movie,Hindi,Comedy,"Medical, Mental Health",Yes,"Krazzy_4_2008_WebRip_720p_Hindi_AAC_x264_ESub_mkvCinemas_Telly.mkv","YouTube (free), MX Player"
Kudumbasthan,Movie,Malayalam,Family Drama,"Social, Contemporary",Yes,"Kudumbasthan.2025.1080p.WEB-DL.Hindi.5.1-Tamil.5.1.ESub.x264-Vegamovies.is.mkv",Disney+ Hotstar
Kung Fu Hustle,Movie,Chinese,Action Comedy,"Martial Arts",Yes,"Kung_Fu_Hustle_2004_BluRay_720p_Hindi_English_AAC_5_1_x264_ESub.mkv","Netflix, Amazon Prime Video"
Laal Rang,Movie,Hindi,Crime Drama,"Social, Thriller",Yes,"Laal.Rang.2016.Hindi.720p.DVDRiP.x264.mkv","Netflix, ZEE5"
Laal Singh Chaddha,Movie,Hindi,Comedy Drama,"Biography, Inspirational",Yes,"Laal.Singh.Chaddha.2022.1080p.NF.WEB-DL.Hindi.DD+5.1.H.264.mkv",Netflix
Lakshya,Movie,Hindi,Drama War,"Coming-of-age, Military",Yes,"[Tasmacmemes] Lakshya.2004.Hindi.720p.10bit.Bluray.mkv","ZEE5, MX Player"
Life of Pi,Movie,English,Adventure Drama,"Fantasy, Survival",Yes,"@CVM.Life.of.Pi.2012.720p.Bluray.x265.HEVC.mkv","Disney+ Hotstar, Amazon Prime Video"
Lootcase,Movie,Hindi,Comedy,"Crime, Thriller",Yes,"Lootcase (2020) Hindi 1080p HDRip x264 AAC 5.1 ESubs.mkv",Disney+ Hotstar
Love in the Big City,Movie,Korean,Romance Drama,"LGBTQ+, Contemporary",Yes,"[nunadrama] Love in the Big City.2024.540p.mp4",Netflix
Maalik,Movie,Malayalam,Political Drama,"Crime, Thriller",Yes,"Maalik.2025.1080p.WEB-DL.Hindi.DD5.1.x264-Vegamovies.is.mkv",Limited Release
Maareesan,Movie,Tamil,Action,"War, Drama",Yes,"Maareesan.2025.1080p.WEB-DL.Hindi-Tamil.x264-Vegamovies.is.mkv",Limited Release
Maargan,Movie,Hindi/Tamil,Action Thriller,"Spy, Drama",Yes,"Maargan__2025__WEBRip_Hindi__Studio-DUB____Tamil_720p_x264_AVC_HE-AAC_2.0_Vegamovies.is.mkv",Limited Release
Maaveeran,Movie,Tamil,Fantasy Action,"Comedy, Superhero",Yes,"Maaveeran_2023_720p_HDRip_ORG_Hindi_Dubbed_x264_AAC_5_1_ESubs.mkv","Amazon Prime Video, Disney+ Hotstar"
Madaari,Movie,Hindi,Social Thriller,"Revenge, Drama",Yes,"Madaari.(2016).Hindi.720p.10bit.BluRay.2CH.x265.HEVC-OlaM.mkv","Netflix, Amazon Prime Video"
Main Khiladi Tu Anari,Movie,Hindi,Action Comedy,"Buddy Cop",Yes,"Main Khiladi Tu Anari (1994) Hindi 720p HDRip x264 A.mkv","Amazon Prime Video, YouTube"
Manjhi The Mountain Man,Movie,Hindi,Biography Drama,"Inspirational, Social",Yes,"Manjhi The Mountain Man (2015) 720p.mkv","Netflix, Amazon Prime Video"
Manjummel Boys,Movie,Malayalam,Thriller Adventure,"Survival, Friendship",Yes,"Manjummel Boys 2024 UNCUT Dual Audio Hindi (ORG 5.1) 720p WEB-DL x264 ESubs.mkv",Disney+ Hotstar
Manmarziyaan,Movie,Hindi,Romance Drama,"Love Triangle, Modern",Yes,"Manmarziyaan.2018.Hindi.1080p.WEB-DL.x264.[2.2GB]02.mp4",Netflix
Masaan,Movie,Hindi,Drama,"Social, Realistic",Yes,"Masaan.mp4",Amazon Prime Video
Meiyazhagan,Movie,Tamil,Drama Comedy,"Family, Emotional",Yes,"Meiyazhagan 2024 NF Dual Audio Hindi (ORG 5.1) 720p WEB-DL x264 ESubs.mkv",Netflix
Meri Pyaari Bindu,Movie,Hindi,Romance Drama,"Musical, Contemporary",Yes,"Meri Pyaari Bindu 2017 WebRip Hindi 720p ESub.mkv","Amazon Prime Video, Netflix"
Metro In Dino,Movie,Hindi,Romance Drama,"Musical, Urban",Yes,"Metro.In.Dino.2025.1080p.NF.WEB-DL.DDP5.1.H.264-Vegamovies.is.mkv","Netflix, Amazon Prime Video"
Mimi,Movie,Hindi,Drama Comedy,"Social, Emotional",Yes,"MIMI_2021_Hindi_HDRip_1080p_HEVC_AAC.mkv",Netflix
Mission Mangal,Movie,Hindi,Drama History,"Space, Science, Inspirational",Yes,"Mission_Mangal_2019_720p_10bit_NF_WEBRip_x265_HEVC_Hindi_AAC_5_1.mkv","Disney+ Hotstar, Amazon Prime Video"
Moana,Movie,English,Animation Musical,"Adventure, Family",Yes,"Moana_2016_BluRay_1080p_x264_Original_Audios_DD5_1_192kbps_Tamil.mkv","Disney+, Amazon Prime Video"
Moana 2,Movie,English,Animation Musical,"Adventure, Family",Yes,"Moana 2 (2024) 1080p 10bit WEBRip x265 HEVC [Org Hindi DD 2..mkv","Disney+, Amazon Prime Video"
Moneyball,Movie,English,Biography Sports,"Drama",Yes,"Moneyball_2011_REMASTERED_720p_10bit_BluRay_x265_HEVC_Org_NF_Hindi.mkv","Netflix, Amazon Prime Video"
Mucize aka The Miracle,Movie,Turkish,Drama,"Family, Inspirational",Yes,"@CVM_Mucize_aka_The_Miracle_2015_Turkish_720p_x264_@CinemaVenoMone.mkv","Netflix, Amazon Prime Video"
Munna Bhai M.B.B.S.,Movie,Hindi,Comedy Drama,"Medical, Social",Yes,"Munna Bhai M.B.B.S. (2003) Hindi 720p 10bit BluRay x265.mkv","Netflix, Amazon Prime Video"
My Name Is Khan,Movie,Hindi,Drama Romance,"Social, Autism",Yes,"My Name Is Khan (2010) (1080p BluRay x265 Natty).mkv","Amazon Prime Video, Netflix"
Namastey London,Movie,Hindi,Romance Drama,"Comedy, Cross-cultural",Yes,"Namastey_London_2007_BluRay_720p_Hindi_AAC_5_1_x264_ESub_mkvCinemas.mkv","Netflix, Amazon Prime Video"
Ne Zha,Movie,Chinese,Animation Fantasy,"Adventure",Yes,"Ne.Zha.2019.720p.10bit.BluRay.English-Chinese.6CH.x265.HEVC-.mkv","Netflix, Amazon Prime Video"
October,Movie,Hindi,Drama,"Coming-of-age, Emotional",Yes,"October.2018.720p.10bit.BluRay.DDP5.1.mp4","Amazon Prime Video, Netflix"
Om Shanti Om,Movie,Hindi,Romance Comedy,"Fantasy, Musical",Yes,"[CF] Om Shanti Om (2007) Hindi BluRay 1.4GB.mkv","Netflix, Amazon Prime Video"
OMG: Oh My God!,Movie,Hindi,Comedy Drama,"Religious, Satire",Yes,"OMG_Oh_My_God_2012_BluRay_720p_Hindi_AAC_5_1_x264_ESub_mkvCinemas.mkv","Netflix, Amazon Prime Video"
Once Upon a Time in Mumbai,Movie,Hindi,Crime Drama,"Period, Gangster",Yes,"Once Upon a Time in Mumbai (2010) BluRay 720p.mkv","Netflix, Amazon Prime Video"
Oye Lucky! Lucky Oye!,Movie,Hindi,Comedy Crime,"Biography",Yes,"Oye Lucky Lucky Oye 2008 BluRay 720p Hindi AAC 5.1 x264 ESub.mkv","Amazon Prime Video, Netflix"
Paatal Lok,Web-Series,Hindi,Crime Thriller,"Mystery, Political",Yes,"Paatal_Lok_2020_720p_HEVC_HDRip_Hindi_S01_E06_E09_Complete_Web_Series.mkv",Amazon Prime Video
Partner,Movie,Hindi,Romance Comedy,"Love Guru, Friendship",Yes,"Partner_2007_BluRay_720p_Hindi_AAC_5_1_x264_ESub_mkvCinemas_Telly.mkv",Amazon Prime Video
Peepli Live,Movie,Hindi,Comedy Drama,"Satire, Social, Political",Yes,"Peepli Live (2010) 720p Web-DL.mkv","Netflix, Amazon Prime Video"
Permanent Roommates,Web-Series,Hindi,Romance Comedy,"Drama",Yes,"Permanent Roommates {2023} S03 Complete [Hindi -AAC 2.0] 720.mkv",Amazon miniTV
Photograph,Movie,Hindi,Drama Romance,"Art House, Realistic",Yes,"Photograph.2019.WebRip.1080p.Hindi.DD.5.1.x264.ESub-Vegamovies.is.mkv","Amazon Prime Video, MUBI"
Pihu,Movie,Hindi,Thriller Drama,"Survival, Social",Yes,"Pihu (2018) @Netflix_Moviez Hindi 480p x264.mkv",Netflix
PK,Movie,Hindi,Comedy Sci-Fi,"Religious, Satire, Drama",Yes,"PK (2014) Hindi 720p BluRay 1.3GB ESub .mp4","Netflix, Amazon Prime Video"
Premalu,Movie,Malayalam,Romance Comedy,"Coming-of-age, Youth",Yes,"Premalu.2024.1080p.WEB-DL.Hindi.5.1-Malayalam.5.1.ESub.x264-Vegamovies.to.mkv","Disney+ Hotstar, Aha (Telugu)"
Queen,Movie,Hindi,Adventure Comedy,"Drama, Women Empowerment",Yes,"Queen 2014 BluRay 720p H.1 x264 ESub - mkvCinemas [Telly].mkv","Netflix, Amazon Prime Video"
Raanjhanaa,Movie,Hindi,Romance Drama,"Tragic Love, Musical",Yes,"Raanjhanaa_2013_720p_10bit_BluRay_x265_HEVC_Hindi_DD_5_1_ESub_Immortal.mkv","Amazon Prime Video, JioCinema"
Raayan,Movie,Tamil,Action Thriller,"Crime, Drama",Yes,"Raayan (2024) (Hindi DD5.1-224Kbps + Tamil DD5.1) Dual A.mkv",Netflix
Race 2,Movie,Hindi,Action Thriller,"Heist, Stylized",Yes,"Race_2_2013_720p_10bit_BluRay_x265_HEVC_Hindi_DD_5_1_ESub_Immortal.mkv",Amazon Prime Video
Raees,Movie,Hindi,Action Crime,"Gangster, Thriller",Yes,"Raees 2017 BluRay Hindi 720p.mkv","ZEE5, Netflix"
Rehnaa Hai Terre Dil Mein,Movie,Hindi,Romance Drama,"Youth, Musical",Yes,"Rehnaa Hai Terre Dil Mein (2001) Hindi 720p BluRay 1GB.mkv","Amazon Prime Video, YouTube (free)"
Rocky Aur Rani Kii Prem Kahaani,Movie,Hindi,Romance Drama,"Family, Comedy",Yes,"Rocky Aur Rani Kii Prem Kahaani (2023) 720p x264 NF HDR.mkv",Amazon Prime Video
Sadma,Movie,Hindi,Romance Drama,"Tragic, Emotional",Yes,"@MoviezzClub Sadma 1983 WebRip 720p Hindi ESub.mkv","Amazon Prime Video, Mubi"
Sarbjit,Movie,Hindi,Biography Drama,"Prison, Real-life",Yes,"Sarbjit_2016_720p_10bit_BluRay_x265_HEVC_Hindi_DD_5_1_ESub_Immortal.mkv","Netflix, ZEE5"
Satyaprem Ki Katha,Movie,Hindi,Romance Drama,"Musical, Contemporary",Yes,"Satyaprem.Ki.Katha.2023.1080p.WebRip.x265.10Bit.AC3.5.1-JATT.mkv","Amazon Prime Video, Disney+ Hotstar"
Secret Superstar,Movie,Hindi,Musical Drama,"Coming-of-age, Inspirational",Yes,"@mfmixhindi Secret Superstar 2017 BRRIp 720p.mp4","Netflix, ZEE5"
Sekhar Kammulas Kuberaa,Movie,Telugu,Thriller Action,"Crime, Drama",Yes,"Sekhar.Kammulas.Kuberaa.2025.1080p.AMZN.WEB-DL.DDP5.1.H.264-Vegamovies.is.mkv",Netflix
Section 375,Movie,Hindi,Legal Drama,"Courtroom, Social",Yes,"www_3MovieRulz_ws_Section_375_2019_720p_Hindi_Proper_HDRip_x264.mkv","Amazon Prime Video, Disney+ Hotstar"
Shaolin Soccer,Movie,Hong Kong,Action Comedy,"Martial Arts, Sports",Yes,"Shaolin.Soccer.2001.1080p.BluRay.x264-[YTS.AM].mp4","Amazon Prime Video, Netflix"
Shakuntala Devi,Movie,Hindi,Biography Drama,"Social, Inspirational",Yes,"[CC].Shakuntala.Devi.2020.Hindi.720p.HDRip.mkv",Amazon Prime Video
Shershaah,Movie,Hindi,Biography War,"Drama, Military",Yes,"Shershaah.2021.1080p.Hindi.DD5.1.WEB-DL.x264-Vegamovies.is.mkv",Amazon Prime Video
Shiddat,Movie,Hindi,Romance Drama,"Emotional",Yes,"Shiddat.2021.1080p.HS.WEB-DL.Hindi.DDP5.1.H.264-Archie.mkv",Hotstar
Shyam Singha Roy,Movie,Telugu,Romance Drama,"Period, Reincarnation",Yes,"Shyam Singha Roy (2021) {Hindi-Telugu} 720p WEB-DL ESub.mkv",Netflix
Simran,Movie,Hindi,Comedy Drama,"Crime, Social",Yes,"@Cinematic_world Simran 2017 720p hd x264.mkv","Amazon Prime Video, Disney+ Hotstar"
Sister Midnight,Movie,English,Thriller Horror,"Psychological, Mystery",Yes,"Sister.Midnight.2024.1080p.Hindi.WEB-DL.DD5.1.x264-Vegamovies.is.mkv",Limited Release
Sitaare Zameen Par,Movie,Hindi,Comedy Drama,"Inspirational",Yes,"Sitaare.Zameen.Par.(2025).Hindi.HQ-HDRip.1080p.x264.Vegamovies.is.mkv",Limited Release
Slumdog Millionaire,Movie,English,Romance Drama,"Social, Crime",Yes,"Slumdog_Millionaire_2008_720p_BluRay_x264_Dual_Audio_Org_Hindi_DVD.mkv","Amazon Prime Video, Netflix"
Special Ops,Web-Series,Hindi,Action Thriller,"Spy, Crime",Yes,"Special.Ops.S02E05.1080p.Hindi.WEB-DL.5.1.ESub.x264-.mkv",Disney+ Hotstar
Spider-Man 2,Movie,English,Action Superhero,"Adventure, Sci-Fi",Yes,"Spider-Man 2 (2004) EXT 720p 10bit BluRay x265 HEVC [Org.mkv","Disney+, Netflix"
Stree 2 - Sarkate Ka Aatank,Movie,Hindi,Comedy Horror,"Supernatural, Franchise",Yes,"Stree.2-Sarkate.Ka.Aatank.2024.1080p.Hindi.WEB-DL.5.1.ESub.x264.Vegamovies.is (1).mkv",Amazon Prime Video
Suhaag,Movie,Hindi,Action Drama,"Revenge, Family",Yes,"Suhaag_?????_Full_Movie_|_Ajay_Devgn,_Akshay_Kumar,_K.mp4","Amazon Prime Video, YouTube"
Sultan,Movie,Hindi,Sports Drama,"Wrestling, Romance",Yes,"Sultan.2016.1080p.10Bit.BluRay.HEVC.x265.DSyS.mkv","Amazon Prime Video, Netflix"
Sunday,Movie,Hindi,Comedy Thriller,"Mystery, Ensemble",Yes,"Sunday.mkv",YouTube (free)
Super 30,Movie,Hindi,Biography Drama,"Education, Inspirational",Yes,"SUPER.30.[2019].Hindi.TRUE.WEBDL.@Bollywoodcinemas.mp4",Disney+ Hotstar
Taare Zameen Par,Movie,Hindi,Drama,"Inspirational, Educational",Yes,"Taare Zameen Par 2007 Hindi 720p BLURay ﾗ265 AAC2.0 ESub.mkv","Netflix, Amazon Prime Video"
Tamasha,Movie,Hindi,Romance Drama,"Coming-of-age, Identity",Yes,"Tamasha.2015.1080p.BluRay.x265.DD+5.1-Pahe.in.mkv","Netflix, Amazon Prime Video"
Tanu Weds Manu Returns,Movie,Hindi,Romance Comedy,"Drama, Sequel",Yes,"Tanu_Weds_Manu_Returns_2015_1080p_Bluray_10bit_x265_5_1_AAC_HEVC.mkv","Eros Now, Amazon Prime Video"
Ted 2,Movie,English,Comedy,"Fantasy, Adventure",Yes,"Ted_2_2015_UNRATED_720p_10Bit_BluRay_x265_HEVC_Org_Hindi_DD_5_1.mkv","Netflix, Amazon Prime Video"
Tehran,Movie,Hindi,Action Thriller,"Crime",Yes,"Tehran.2025.720p.Hindi.WEB-DL.5.1.ESub.x264-HDHub4u..mkv",Limited Release
Thank You,Movie,Hindi,Romance Comedy,"Relationship Drama",Yes,"Thank_You_2011_BluRay_1080p_Hindi_DD_5_1_x264_ESub_mkvCinemas_Telly.mkv",YouTube (free)
Thappad,Movie,Hindi,Drama,"Social, Domestic",Yes,"@IM_Thappad_2020_Hindi_HDRip_720p_x264_DD+5_1_192Kbps_1_3GB_ESub.mkv","Amazon Prime Video, Netflix"
The Bhootnii,Movie,Hindi,Horror,"Supernatural, Psychological",Yes,"The.Bhootnii.(2025).Hindi.Zee5.1080p.WEB-DL.x264.DDP.5.1.(448Kbps).ATMOs.+.AAC.ESub.Vegamovies.is.mkv",ZEE5
The Bucket List,Movie,English,Comedy Drama,"Road Trip, Life",Yes,"The.Bucket.List.2007.BluRay.720p.Ganool.com.[RickyC].mkv","Netflix, Amazon Prime Video"
The Dark Knight,Movie,English,Action Crime,"Superhero, Drama, Thriller",Yes,"@BollyWeeBHolly_The_Dark_Knight_2008_IMAX_720p_HEVC_Bluray_x265.mkv","Netflix, HBO Max"
The Dark Knight Rises,Movie,English,Action Drama,"Superhero, Thriller, Epic",Yes,"@BollyWeeBHolly_The_Dark_Knight_Rises_2012_IMAX_720p_Bluray_x265.mkv","Netflix, HBO Max"
The Dictator,Movie,English,Comedy Satire,"Political",Yes,"The_Dictator_2012_BluRay_UNRATED_720p_Hindi_English_AAC_.mkv","Netflix, Amazon Prime Video"
The Lunchbox,Movie,Hindi,Romance Drama,"Food, Emotional",Yes,"The_Lunchbox_2013_1080p_10bit_Bluray_HIN_DDP5_1_x265_HEVC_ESub_LSSJBroly.mkv","Netflix, Amazon Prime Video"
The Pursuit of Happyness,Movie,English,Biography Drama,"Father-son Struggle",Yes,"The Pursuit Of Happyness (2006) 720p 10bit BluRay x265 HEVC .mkv","Netflix, Amazon Prime Video"
The Truman Show,Movie,English,Comedy Drama,"Sci-Fi, Satire",Yes,"The Truman Show (1998) 1080p 10bit BluRay x265 HEVC [Org NF .mkv","Amazon Prime Video, Paramount+"
Thiruchitrambalam,Movie,Tamil,Romance Musical,"Drama, Comedy",Yes,"Thiruchitrambalam_2022_720p_HDRip_Dual_Audio_Hindi_or_Tamil_x264.mkv",Sun NXT
Thunderbolts,Movie,English,Action Superhero,"Adventure, Team-up",Yes,"Thunderbolts (2025) 1080p 10bit WEBRip x265 HEVC [Line H.mkv",Disney+
Tumbbad,Movie,Hindi,Horror,"Fantasy, Historical",Yes,"[ @MIND_HINDI ] Tumbbad (2018) 720p AMZN WEBRip Hindi + Mara.mkv",Amazon Prime Video
Vicky Donor,Movie,Hindi,Romance Comedy,"Social, Drama",Yes,"_@UHDPrime_棒Vicky_Donor_2012_BluRay_720p_Hindi_DD_5_1_x264_ESubs.mkv","JioCinema, Amazon Prime Video"
Vikram,Movie,Tamil,Action Thriller,"Crime, Stylized",Yes,"Vikram_2022_UNCUT_720p_HDRip_ORG_Dual_Audio_Hindi_or_Tamil_x264.mkv",Disney+ Hotstar
VIP 2 Lalkar,Movie,Tamil,Drama Comedy,"Political, Social",Yes,"_VIP_2_Lalkar_2017_WebRip_720p_Hindi_AAC_x264_mkvCinemas_Telly.mkv","Netflix, Amazon Prime Video"
VIP Velaiilla Pattadhari,Movie,Tamil,Comedy Drama,"Social, Career",Yes,"VIP_Velaiilla_Pattadhari_2014_WebRip_UNCUT_1080p_Hindi_Tamil_2_0.mkv","Netflix, Amazon Prime Video"
Well Done Abba,Movie,Hindi,Comedy Drama,"Satire, Social",Yes,"Well.Done.Abba.2010.720p.WEBRip.x264.Hindi.AAC-ETRG.mp4","Netflix, Amazon Prime Video"
Why Cheat India,Movie,Hindi,Drama Comedy,"Education, Social",Yes,"Why_Cheat_India_2019_WebRip_Hindi_720p_x264_AAC_ESub_mkvCinemas.mkv","ZEE5, MX Player"
Yeh Jawaani Hai Deewani,Movie,Hindi,Romance Comedy,"Coming-of-age, Friendship",Yes,"Yeh.Jawaani.Hai.Deewani.2013.720p.BluRay.2CH.x265.HEVC-Strea.mkv","Netflix, Amazon Prime Video"
Yeh Teraa Ghar Yeh Meraa Ghar,Movie,Hindi,Comedy Drama,"Family, Social",Yes,"Yeh_Teraa_Ghar_Yeh_Meraa_Ghar_2001|_Full_Hindi_Movie_|_Sun.mp4","Amazon Prime Video, YouTube"
Zootopia,Movie,English,Animation Comedy,"Buddy Adventure",Yes,"Zootopia_2016_720p_10bit_BluRay_x265_HEVC_Org_Hindi_DDP_2_0_128Kbps.mkv","Disney+, Netflix"